{"cameraMode":{"drawMode":0,"name":"Shaded","section":"Shading Mode"},"sceneLighting":false,"audioPlay":false,"sceneViewState":{"m_AlwaysRefresh":false,"showFog":true,"showSkybox":false,"showFlares":true,"showImageEffects":true,"showParticleSystems":true,"showVisualEffectGraphs":true,"m_FxEnabled":true},"in2DMode":false,"pivot":{"x":1.4598766565322877,"y":3.833643674850464,"z":11.495634078979493},"rotation":{"x":-0.11857627332210541,"y":0.7176112532615662,"z":-0.12613992393016816,"w":-0.6745826005935669},"size":3.4782638549804689,"orthographic":false}