{"cameraMode":{"drawMode":0,"name":"Shaded","section":"Shading Mode"},"sceneLighting":false,"audioPlay":false,"sceneViewState":{"m_AlwaysRefresh":false,"showFog":true,"showSkybox":false,"showFlares":true,"showImageEffects":true,"showParticleSystems":true,"showVisualEffectGraphs":true,"m_FxEnabled":true},"in2DMode":false,"pivot":{"x":15.375160217285157,"y":3.9457433223724367,"z":-4.07775354385376},"rotation":{"x":0.18639442324638368,"y":0.009433445520699025,"z":-0.0017905327258631588,"w":0.9824274778366089},"size":0.8686255812644959,"orthographic":false}