{"cameraMode":{"drawMode":0,"name":"Shaded","section":"Shading Mode"},"sceneLighting":false,"audioPlay":false,"sceneViewState":{"m_AlwaysRefresh":false,"showFog":true,"showSkybox":false,"showFlares":true,"showImageEffects":true,"showParticleSystems":true,"showVisualEffectGraphs":true,"m_FxEnabled":true},"in2DMode":false,"pivot":{"x":-9.958630561828614,"y":21.658546447753908,"z":-4.668279647827148},"rotation":{"x":-0.045946620404720309,"y":0.15135231614112855,"z":0.007042929530143738,"w":0.9873859286308289},"size":1.732050895690918,"orthographic":false}