{"cameraMode":{"drawMode":0,"name":"Shaded","section":"Shading Mode"},"sceneLighting":false,"audioPlay":false,"sceneViewState":{"m_AlwaysRefresh":false,"showFog":true,"showSkybox":false,"showFlares":true,"showImageEffects":true,"showParticleSystems":true,"showVisualEffectGraphs":true,"m_FxEnabled":true},"in2DMode":false,"pivot":{"x":2.0994277000427248,"y":0.8231306076049805,"z":3.5107321739196779},"rotation":{"x":-0.2410312443971634,"y":0.2713124454021454,"z":-0.07037792354822159,"w":-0.9291619658470154},"size":0.7451456189155579,"orthographic":false}